<?xml version="1.0" encoding="UTF-8"?><rss version="2.0"
	xmlns:content="http://purl.org/rss/1.0/modules/content/"
	xmlns:wfw="http://wellformedweb.org/CommentAPI/"
	xmlns:dc="http://purl.org/dc/elements/1.1/"
	xmlns:atom="http://www.w3.org/2005/Atom"
	xmlns:sy="http://purl.org/rss/1.0/modules/syndication/"
	xmlns:slash="http://purl.org/rss/1.0/modules/slash/"
	>

<channel>
	<title>jornada-viagens</title>
	<atom:link href="./index.html" rel="self" type="application/rss+xml" />
	<link>./../index.html</link>
	<description></description>
	<lastBuildDate>Tue, 15 Aug 2023 13:38:12 +0000</lastBuildDate>
	<language>en-US</language>
	<sy:updatePeriod>
	hourly	</sy:updatePeriod>
	<sy:updateFrequency>
	1	</sy:updateFrequency>
	<generator>https://wordpress.org/?v=6.3.1</generator>
	<item>
		<title>Mochilando na Alemanha</title>
		<link>./../mochilando-na-alemanha/index.html</link>
					<comments>./../mochilando-na-alemanha/index.html#respond</comments>
		
		<dc:creator><![CDATA[Gessica]]></dc:creator>
		<pubDate>Tue, 15 Aug 2023 13:38:12 +0000</pubDate>
				<category><![CDATA[Uncategorized]]></category>
		<category><![CDATA[Alemanha]]></category>
		<category><![CDATA[Caronas]]></category>
		<category><![CDATA[Mochilão]]></category>
		<guid isPermaLink="false">./../index.html?p=10</guid>

					<description><![CDATA[Minha experiência com caronas]]></description>
										<content:encoded><![CDATA[
<p>Minha experiência com caronas</p>
]]></content:encoded>
					
					<wfw:commentRss>./../mochilando-na-alemanha/feed/index.html</wfw:commentRss>
			<slash:comments>0</slash:comments>
		
		
			</item>
		<item>
		<title>Dicas de hospedagem barata no méxico</title>
		<link>./../dicas-de-hospedagem-barata-no-mexico/index.html</link>
					<comments>./../dicas-de-hospedagem-barata-no-mexico/index.html#respond</comments>
		
		<dc:creator><![CDATA[Gessica]]></dc:creator>
		<pubDate>Tue, 15 Aug 2023 13:31:49 +0000</pubDate>
				<category><![CDATA[América central]]></category>
		<category><![CDATA[Dicas]]></category>
		<category><![CDATA[Hospedagem barata]]></category>
		<category><![CDATA[México]]></category>
		<guid isPermaLink="false">./../index.html?p=8</guid>

					<description><![CDATA[Texto de exemplo do meu post]]></description>
										<content:encoded><![CDATA[
<p>Texto de exemplo do meu post</p>
]]></content:encoded>
					
					<wfw:commentRss>./../dicas-de-hospedagem-barata-no-mexico/feed/index.html</wfw:commentRss>
			<slash:comments>0</slash:comments>
		
		
			</item>
		<item>
		<title>Hello world!</title>
		<link>./../hello-world/index.html</link>
					<comments>./../hello-world/index.html#comments</comments>
		
		<dc:creator><![CDATA[Gessica]]></dc:creator>
		<pubDate>Tue, 15 Aug 2023 13:05:18 +0000</pubDate>
				<category><![CDATA[Uncategorized]]></category>
		<guid isPermaLink="false">./../index.html?p=1</guid>

					<description><![CDATA[Welcome to WordPress. This is your first post. Edit or delete it, then start writing!]]></description>
										<content:encoded><![CDATA[
<p>Welcome to WordPress. This is your first post. Edit or delete it, then start writing!</p>
]]></content:encoded>
					
					<wfw:commentRss>./../hello-world/feed/index.html</wfw:commentRss>
			<slash:comments>1</slash:comments>
		
		
			</item>
	</channel>
</rss>
